Signature,Mean_Contribution,Etiology
SBS1,0.10788693781169516,Spontaneous deamination of 5-methylcytosine (Aging)
SBS6,0.06436136987175131,Mismatch repair deficiency
SBS15,0.061347607336019176,Mismatch repair deficiency
SBS10b,0.053283217392717616,POLE exonuclease domain mutation
SBS10a,0.05030422996060782,POLE exonuclease domain mutation
SBS87,0.04353052466194154,Unknown
SBS56,0.032764350031551606,Unknown
SBS10d,0.02868420110796362,Unknown
SBS14,0.02468668878422623,POLE exonuclease domain mutation
SBS36,0.02316138569823463,Defective base excision repair
SBS10c,0.022601734036736466,Unknown
SBS7a,0.021423350828100998,UV light exposure
SBS44,0.021103585702218125,Defective mismatch repair
SBS18,0.020763980905815466,ROS damage
SBS23,0.02055170566017755,Unknown
