Signature,Mean_Contribution,Etiology
SBS38,0.045719413913289486,UV light exposure
SBS45,0.04265332396492637,Unknown
SBS49,0.03427558433429961,Unknown
SBS53,0.03272337676528009,Unknown
SBS10a,0.029262479320131665,POLE exonuclease domain mutation
SBS36,0.028659549774523726,Defective base excision repair
SBS4,0.02654094719447984,Tobacco smoking
SBS14,0.026500033722560042,POLE exonuclease domain mutation
SBS29,0.02644521813065826,Tobacco chewing
SBS56,0.026264087238289553,Unknown
SBS18,0.02564825356001539,ROS damage
SBS10d,0.024570523766493754,Unknown
SBS52,0.024560906511548027,Unknown
SBS13,0.024483120451951872,APOBEC activity
SBS95,0.024069114001661323,Unknown
